"class","lepton 1 pT","lepton 1 eta","lepton 1 phi","lepton 2 pT","lepton 2 eta","lepton 2 phi","missing energy magnitude","missing energy phi","MET_rel","axial MET","M_R","M_TR_2","R","MT2","S_R","M_Delta_R","dPhi_r_b","cos(theta_r1)"
0, 9.728614687919616699e-01, 6.538545489311218262e-01, 1.176224589347839355e+00, 1.157156467437744141e+00, -1.739873170852661133e+00, -8.743090629577636719e-01, 5.677649974822998047e-01, -1.750000417232513428e-01, 8.100607395172119141e-01, -2.525521218776702881e-01, 1.921887040138244629e+00, 8.896374106407165527e-01, 4.107718467712402344e-01, 1.145620822906494141e+00, 1.932632088661193848e+00, 9.944640994071960449e-01, 1.367815494537353516e+00, 4.071449860930442810e-02
1, 1.667973041534423828e+00, 6.419061869382858276e-02, -1.225171446800231934e+00, 5.061022043228149414e-01, -3.389389812946319580e-01, 1.672542810440063477e+00, 3.475464344024658203e+00, -1.219136357307434082e+00, 1.295456290245056152e-02, 3.775173664093017578e+00, 1.045977115631103516e+00, 5.680512785911560059e-01, 4.819284379482269287e-01, 4.484102725982666016e-01, 2.053557634353637695e-01, 1.321893453598022461e+00, 3.775840103626251221e-01
1, 4.448399245738983154e-01, -1.342980116605758667e-01, -7.099716067314147949e-01, 4.517189264297485352e-01, -1.613871216773986816e+00, -7.686609029769897461e-01, 1.219918131828308105e+00, 5.040258169174194336e-01, 1.831247568130493164e+00, -4.313853085041046143e-01, 5.262832045555114746e-01, 9.415140151977539062e-01, 1.587535023689270020e+00, 2.024308204650878906e+00, 6.034975647926330566e-01, 1.562373995780944824e+00, 1.135454416275024414e+00, 1.809100061655044556e-01
1, 3.812560737133026123e-01, -9.761453866958618164e-01, 6.931523084640502930e-01, 4.489588439464569092e-01, 8.917528986930847168e-01, -6.773284673690795898e-01, 2.033060073852539062e+00, 1.533040523529052734e+00, 3.046259880065917969e+00, -1.005284786224365234e+00, 5.693860650062561035e-01, 1.015211343765258789e+00, 1.582216739654541016e+00, 1.551914215087890625e+00, 7.612152099609375000e-01, 1.715463757514953613e+00, 1.492256760597229004e+00, 9.071890264749526978e-02
1, 1.309996485710144043e+00, -6.900894641876220703e-01, -6.762592792510986328e-01, 1.589282631874084473e+00, -6.933256387710571289e-01, 6.229069828987121582e-01, 1.087561845779418945e+00, -3.817416727542877197e-01, 5.892043709754943848e-01, 1.365478992462158203e+00, 1.179295063018798828e+00, 9.682182073593139648e-01, 7.285631299018859863e-01, 1.083157896995544434e+00, 4.342924803495407104e-02, 1.154853701591491699e+00, 9.485860168933868408e-02
0, 4.563981890678405762e-01, 1.099371194839477539e+00, 1.512453436851501465e+00, 7.517719864845275879e-01, 6.389670372009277344e-01, -7.422157526016235352e-01, 3.226012587547302246e-01, 1.321053862571716309e+00, 1.695020049810409546e-01, 3.599410057067871094e-01, 4.892561733722686768e-01, 4.161675572395324707e-01, 7.548291683197021484e-01, 3.037500381469726562e-01, 4.610674083232879639e-01, 3.455406129360198975e-01, 7.332419753074645996e-01, 1.860439926385879517e-01
0, 4.378176331520080566e-01, -1.119882702827453613e+00, -1.336822509765625000e+00, 5.023199319839477539e-01, -1.717514872550964355e+00, 1.017066955566406250e+00, 2.156189829111099243e-01, -4.612003862857818604e-01, 3.236706852912902832e-01, 1.736256778240203857e-01, 4.118981361389160156e-01, 3.705247640609741211e-01, 7.982602119445800781e-01, 6.713690757751464844e-01, 3.859100937843322754e-01, 5.155220031738281250e-01, 4.791095852851867676e-01, 2.905789948999881744e-02
0, 5.716562271118164062e-01, 2.056957781314849854e-01, 4.259495139122009277e-01, 5.785139799118041992e-01, 9.273992180824279785e-01, -1.101477980613708496e+00, 1.165553554892539978e-01, 1.549752593040466309e+00, 1.744213998317718506e-01, 2.234495282173156738e-01, 5.231637358665466309e-01, 2.898885905742645264e-01, 4.917104840278625488e-01, 3.345926105976104736e-01, 5.142459869384765625e-01, 2.682069540023803711e-01, 3.157947063446044922e-01, 1.257279962301254272e-01
1, 2.112811803817749023e+00, 7.429829239845275879e-01, -3.305390179157257080e-01, 8.052530884742736816e-01, -2.888736501336097717e-02, -1.446678519248962402e+00, 2.299945592880249023e+00, 1.450429201126098633e+00, 2.989110469818115234e+00, -1.894770145416259766e+00, 1.445124864578247070e+00, 2.548166036605834961e+00, 1.564721107482910156e+00, 2.393632411956787109e+00, 1.554566264152526855e+00, 2.148468017578125000e+00, 1.179116964340209961e+00, 6.880570054054260254e-01
0, 1.001868605613708496e+00, -4.717876017093658447e-01, 5.556136369705200195e-01, 1.233367562294006348e+00, 1.255548357963562012e+00, -1.052490949630737305e+00, 4.376150667667388916e-01, -1.333052396774291992e+00, 3.268576562404632568e-01, -1.116782873868942261e-01, 1.435707807540893555e+00, 7.552008628845214844e-01, 4.667794406414031982e-01, 4.545406401157379150e-01, 1.446330666542053223e+00, 5.922593474388122559e-01, 1.325196743011474609e+00, 8.301419764757156372e-02
0, 8.401151299476623535e-01, 9.582490921020507812e-01, -5.856583714485168457e-01, 1.317929744720458984e+00, -1.063729524612426758e+00, 1.246234536170959473e+00, 2.618653178215026855e-01, -2.734131552278995514e-02, 3.305169641971588135e-01, 1.831899583339691162e-01, 1.557297587394714355e+00, 5.310215950012207031e-01, 3.025917410850524902e-01, 4.267015159130096436e-01, 1.564375758171081543e+00, 3.385521471500396729e-01, 1.137455701828002930e+00, 1.104000024497509003e-02
0, 1.263320326805114746e+00, 7.332081198692321777e-01, 3.311490714550018311e-01, 1.511738538742065430e+00, 3.710839748382568359e-01, -1.585176110267639160e+00, 5.728890299797058105e-01, -1.054526448249816895e+00, 6.988717317581176758e-01, -2.592384517192840576e-01, 1.155319333076477051e+00, 9.835450053215026855e-01, 7.554541826248168945e-01, 9.269526004791259766e-01, 1.168114662170410156e+00, 7.097081542015075684e-01, 1.578325033187866211e+00, 1.844049990177154541e-01
0, 6.983363032341003418e-01, 1.689431428909301758e+00, -1.134670019149780273e+00, 9.665942788124084473e-01, 1.503367424011230469e+00, 8.809488415718078613e-01, 2.425732016563415527e-01, -2.286542803049087524e-01, 3.641322851181030273e-01, 1.093497350811958313e-01, 6.685540080070495605e-01, 4.899409115314483643e-01, 6.503125429153442383e-01, 6.836342811584472656e-01, 6.648245453834533691e-01, 5.103846788406372070e-01, 5.840917825698852539e-01, 3.169360011816024780e-02
0, 5.782864689826965332e-01, -6.896522045135498047e-01, -3.900941908359527588e-01, 4.800612926483154297e-01, -6.322193741798400879e-01, 1.212004899978637695e+00, 6.404729485511779785e-01, -1.622401356697082520e+00, 8.721600770950317383e-01, -1.861692667007446289e-01, 4.518528580665588379e-01, 6.692881584167480469e-01, 1.314412117004394531e+00, 5.594443082809448242e-01, 4.917526245117187500e-01, 5.590168237686157227e-01, 1.286519765853881836e+00, 4.002920091152191162e-01
1, 7.982016205787658691e-01, 9.935811161994934082e-02, -1.095838546752929688e+00, 5.311465859413146973e-01, -9.623265862464904785e-01, 1.500362157821655273e+00, 1.273940682411193848e+00, 6.754082441329956055e-01, 1.803742647171020508e+00, -8.459411859512329102e-01, 6.858364343643188477e-01, 1.234756708145141602e+00, 1.597629547119140625e+00, 1.864629864692687988e+00, 7.758542895317077637e-01, 1.556949496269226074e+00, 1.245780706405639648e+00, 5.380100011825561523e-01
1, 4.522136151790618896e-01, -4.851320292800664902e-03, -1.374135375022888184e+00, 4.555462002754211426e-01, 2.717017531394958496e-01, 1.643005847930908203e+00, 8.358865380287170410e-01, -2.548969388008117676e-01, 1.254768729209899902e+00, -2.527354657649993896e-01, 3.831180334091186523e-01, 7.885063290596008301e-01, 1.826371073722839355e+00, 1.687989473342895508e+00, 4.120632410049438477e-01, 1.258977651596069336e+00, 1.000029206275939941e+00, 2.379159927368164062e-01
0, 8.651260137557983398e-01, -1.109673976898193359e+00, 1.378841042518615723e+00, 1.225826621055603027e+00, -1.599314451217651367e+00, -3.355459272861480713e-01, 4.526211917400360107e-01, 1.396528840065002441e+00, 1.434821262955665588e-02, 7.610192298889160156e-01, 8.739918470382690430e-01, 6.460776329040527344e-01, 6.559848785400390625e-01, 2.758678607642650604e-02, 8.793271183967590332e-01, 9.912268817424774170e-02, 1.526895880699157715e+00, 1.032020002603530884e-01
0, 6.790416240692138672e-01, -1.161132603883743286e-01, -1.449246764183044434e+00, 7.259303331375122070e-01, 8.326361775398254395e-01, -1.068639636039733887e+00, 7.342757582664489746e-01, 6.165405511856079102e-01, 1.102238416671752930e+00, -3.831892013549804688e-01, 6.745812296867370605e-01, 9.891267418861389160e-01, 1.301167011260986328e+00, 2.113569259643554688e+00, 6.225885152816772461e-01, 1.583448290824890137e+00, 4.625875055789947510e-01, 1.922259926795959473e-01
0, 6.967106461524963379e-01, 1.532483458518981934e+00, 4.517365694046020508e-01, 9.536123871803283691e-01, 1.085324048995971680e+00, -1.261485099792480469e+00, 2.195697464048862457e-02, 7.693061828613281250e-01, 1.760764978826045990e-02, 3.328757286071777344e-01, 6.818804740905761719e-01, 1.272288113832473755e-01, 1.655739843845367432e-01, 4.100776836276054382e-02, 6.815325617790222168e-01, 3.998864069581031799e-02, 1.267784237861633301e-01, 4.097219929099082947e-02
1, 1.006097674369812012e+00, -2.188720107078552246e-01, 1.273336052894592285e+00, 1.621486544609069824e+00, 7.601767778396606445e-02, 5.861322283744812012e-01, 5.612841248512268066e-01, 1.707523316144943237e-01, 5.829758644104003906e-01, 4.111288189888000488e-01, 1.046203613281250000e+00, 7.773945927619934082e-01, 6.593882441520690918e-01, 1.177815556526184082e+00, 7.403227686882019043e-01, 1.207056999206542969e+00, 4.183921515941619873e-01, 2.193430066108703613e-01
1, 8.378669023513793945e-01, 1.134529709815979004e+00, -9.112517237663269043e-01, 6.166259646415710449e-01, 1.000158309936523438e+00, 1.292737126350402832e+00, 1.272458314895629883e+00, -6.766164898872375488e-01, 7.649196982383728027e-01, 1.165516972541809082e+00, 6.311926245689392090e-01, 7.867140173912048340e-01, 1.106040000915527344e+00, 8.154945373535156250e-01, 5.882535576820373535e-01, 6.077158451080322266e-01, 1.156936049461364746e+00, 3.105989992618560791e-01
0, 1.641747713088989258e+00, -1.829806804656982422e+00, 1.501521468162536621e-01, 2.702641963958740234e+00, -1.297220438718795776e-01, -1.380813956260681152e+00, 1.944751739501953125e-01, -1.478648662567138672e+00, 5.510687455534934998e-02, 3.036120831966400146e-01, 2.638831853866577148e+00, 6.361169219017028809e-01, 2.139142304658889771e-01, 2.300715893507003784e-01, 2.635528087615966797e+00, 5.469933748245239258e-01, 3.542006611824035645e-01, 1.610489934682846069e-02
0, 1.466648697853088379e+00, 1.155170947313308716e-01, -1.036161422729492188e+00, 8.772469162940979004e-01, 6.908614039421081543e-01, 1.130069017410278320e+00, 8.907219767570495605e-01, 4.265154302120208740e-01, 1.283211827278137207e+00, -5.638795495033264160e-01, 1.090045690536499023e+00, 1.327570319175720215e+00, 1.080762267112731934e+00, 1.588075637817382812e+00, 1.069615125656127930e+00, 1.258799672126770020e+00, 4.430453181266784668e-01, 4.154059886932373047e-01
1, 1.641595005989074707e+00, -1.044595718383789062e+00, 5.430580973625183105e-01, 7.448416948318481445e-01, -3.081259429454803467e-01, -9.568246603012084961e-01, 1.249038696289062500e+00, -1.477086663246154785e+00, 7.315114736557006836e-01, -8.471670150756835938e-01, 1.160933732986450195e+00, 1.601836562156677246e+00, 1.224408626556396484e+00, 1.256746768951416016e+00, 1.179160833358764648e+00, 1.215011119842529297e+00, 9.373981952667236328e-01, 5.134429931640625000e-01
1, 1.361441612243652344e+00, -5.062465667724609375e-01, -6.461638808250427246e-01, 1.047869205474853516e+00, 1.136729955673217773e+00, 6.986649632453918457e-01, 1.657924294471740723e+00, -6.150123104453086853e-02, 2.154409885406494141e+00, 1.672852516174316406e+00, 1.525310158729553223e+00, 1.117498874664306641e+00, 6.501355767250061035e-01, 1.472981810569763184e+00, 9.699566364288330078e-01, 1.209302544593811035e+00, 3.971039876341819763e-02
0, 1.297482132911682129e+00, -2.549118697643280029e-01, 1.116834402084350586e+00, 9.791690111160278320e-01, -1.353462040424346924e-01, -6.971540451049804688e-01, 1.027495265007019043e+00, -1.663222163915634155e-01, 1.254200577735900879e+00, -4.796489775180816650e-01, 9.850657582283020020e-01, 1.259747385978698730e+00, 1.134836912155151367e+00, 7.607796192169189453e-01, 1.022235274314880371e+00, 8.108351230621337891e-01, 1.115006446838378906e+00, 3.948220014572143555e-01
0, 3.785049617290496826e-01, -1.082134008407592773e+00, 1.008099079132080078e+00, 6.114250421524047852e-01, -1.285565733909606934e+00, -6.558050960302352905e-02, 9.162726402282714844e-01, -8.861856460571289062e-01, 1.371866106986999512e+00, -4.219046831130981445e-01, 3.916966617107391357e-01, 7.904287576675415039e-01, 1.790726065635681152e+00, 1.388439536094665527e+00, 4.732866585254669189e-01, 1.068429231643676758e+00, 1.305903911590576172e+00, 3.471939861774444580e-01
0, 6.759327054023742676e-01, 1.265364289283752441e-01, 9.561362862586975098e-01, 6.860483288764953613e-01, -1.994997411966323853e-01, -1.708110213279724121e+00, 9.242585897445678711e-01, -6.930527091026306152e-01, 1.387424468994140625e+00, -5.498091578483581543e-01, 5.771648287773132324e-01, 1.042056679725646973e+00, 1.602167367935180664e+00, 1.921268343925476074e+00, 6.126553416252136230e-01, 1.435927391052246094e+00, 1.072372555732727051e+00, 4.744270145893096924e-01
0, 4.639869928359985352e-01, 1.133283507078886032e-02, 3.690538108348846436e-01, 5.531866550445556641e-01, 3.892795145511627197e-01, 3.015733361244201660e-01, 1.657912969589233398e+00, 1.520307779312133789e+00, 2.488731861114501953e+00, -5.599990487098693848e-01, 4.252578914165496826e-01, 1.126460552215576172e+00, 2.350607156753540039e+00, 2.460358381271362305e+00, 5.652421116828918457e-01, 1.836445808410644531e+00, 1.168629288673400879e+00, 6.026179790496826172e-01
0, 1.164915323257446289e+00, -1.216873645782470703e+00, 1.387383580207824707e+00, 1.289362430572509766e+00, 8.535032868385314941e-01, -8.641892075538635254e-01, 5.523369908332824707e-01, 3.715829253196716309e-01, 8.291259407997131348e-01, -1.492193490266799927e-01, 1.863999247550964355e+00, 9.754173159599304199e-01, 4.643678367137908936e-01, 1.686074972152709961e+00, 1.846609234809875488e+00, 1.296029210090637207e+00, 4.545197188854217529e-01, 2.752809971570968628e-02
0, 8.004689812660217285e-01, -9.844567626714706421e-02, -7.950780391693115234e-01, 4.779548346996307373e-01, -4.299553632736206055e-01, 1.081302762031555176e+00, 8.884472846984863281e-01, -3.403107821941375732e-01, 9.668461084365844727e-01, 8.378255963325500488e-01, 5.763790011405944824e-01, 6.600215435028076172e-01, 1.016170263290405273e+00, 6.414598226547241211e-01, 5.443997979164123535e-01, 6.565772294998168945e-01, 1.100283503532409668e+00, 4.124230146408081055e-02
1, 3.410472154617309570e+00, 5.901511907577514648e-01, 1.507814884185791016e+00, 2.197853326797485352e+00, 9.153798818588256836e-01, -2.437083274126052856e-01, 1.003784894943237305e+00, 9.479944407939910889e-02, 8.524649739265441895e-01, -5.426680445671081543e-01, 2.508604288101196289e+00, 2.033996343612670898e+00, 7.195055484771728516e-01, 4.566945433616638184e-01, 2.403816223144531250e+00, 7.402674555778503418e-01, 3.374809622764587402e-01, 3.267680108547210693e-01
1, 1.427005052566528320e+00, -2.727493345737457275e-01, -2.769509851932525635e-01, 8.420600295066833496e-01, 5.544933676719665527e-01, 1.524532675743103027e+00, 4.115296363830566406e+00, -4.119631052017211914e-01, 1.571031689643859863e+00, 4.375290393829345703e+00, 1.107721090316772461e+00, 1.623908162117004395e+00, 1.300906896591186523e+00, 1.170487761497497559e+00, 1.148790955543518066e+00, 1.526819825172424316e+00, 4.510149955749511719e-01
0, 8.655766844749450684e-01, -1.317757964134216309e+00, -1.472135901451110840e+00, 1.058933138847351074e+00, -1.347985982894897461e+00, 5.824276804924011230e-01, 7.504402846097946167e-02, 1.622247219085693359e+00, 7.172729074954986572e-02, 3.914121389389038086e-01, 7.823849916458129883e-01, 2.195127904415130615e-01, 2.489740848541259766e-01, 7.502827048301696777e-01, 3.024862408638000488e-01, 1.893901824951171875e-02, 6.501550227403640747e-02
0, 7.323084473609924316e-01, -7.163402438163757324e-01, 2.470393478870391846e-02, 7.501519322395324707e-01, -1.480998516082763672e+00, -7.478194236755371094e-01, 2.655264735221862793e-01, 9.560313820838928223e-01, 3.030804395675659180e-01, 1.652826964855194092e-01, 6.826330423355102539e-01, 5.344312787055969238e-01, 6.947371363639831543e-01, 1.085951924324035645e+00, 5.605429410934448242e-01, 9.223946332931518555e-01, 2.856221795082092285e-01, 7.182029634714126587e-02
0, 4.752843081951141357e-01, -8.129351139068603516e-01, -4.080575108528137207e-01, 4.469701945781707764e-01, -3.511767089366912842e-01, 1.016018033027648926e+00, 1.105907678604125977e+00, 1.610811352729797363e+00, 1.453371286392211914e+00, -7.947776913642883301e-01, 4.006142318248748779e-01, 8.487194180488586426e-01, 1.879987001419067383e+00, 9.549173116683959961e-01, 5.184204578399658203e-01, 8.459020256996154785e-01, 1.588706135749816895e+00, 5.657699704170227051e-01
0, 6.115863323211669922e-01, -9.160537123680114746e-01, -2.933875285089015961e-02, 1.010483622550964355e+00, -8.272873163223266602e-01, 6.010938882827758789e-01, 5.509140491485595703e-01, -3.350460231304168701e-01, 4.436041116714477539e-01, 5.521138310432434082e-01, 6.345459222793579102e-01, 5.208168029785156250e-01, 7.283464074134826660e-01, 7.133969068527221680e-01, 4.160238206386566162e-01, 6.667984724044799805e-01, 5.870252251625061035e-01, 3.251090049743652344e-01
0, 4.839756190776824951e-01, 1.927620172500610352e+00, -3.716183826327323914e-02, 5.218484401702880859e-01, 1.726983070373535156e+00, -3.441939055919647217e-01, 1.196681022644042969e+00, 1.533393740653991699e+00, 1.796365737915039062e+00, -8.809078335762023926e-01, 4.172893166542053223e-01, 1.085668563842773438e+00, 2.308751106262207031e+00, 2.317420482635498047e+00, 5.443764328956604004e-01, 1.727298021316528320e+00, 1.509639739990234375e+00, 6.918870210647583008e-01
0, 7.109143733978271484e-01, -4.780910909175872803e-01, 4.408431649208068848e-01, 1.108089804649353027e+00, -7.889374345541000366e-02, -1.399734139442443848e+00, 2.857136428356170654e-01, -5.000090226531028748e-02, 3.362729847431182861e-01, 1.977529227733612061e-01, 7.362718582153320312e-01, 5.082029104232788086e-01, 6.125141382217407227e-01, 4.092430472373962402e-01, 7.426255941390991211e-01, 3.182809054851531982e-01, 1.190724015235900879e+00, 5.714220181107521057e-02
1, 1.023868560791015625e+00, 9.901954531669616699e-01, -5.368514060974121094e-01, 1.570163249969482422e+00, -1.054173350334167480e+00, 1.212424516677856445e+00, 1.884595155715942383e+00, 6.923466324806213379e-01, 2.306877136230468750e+00, -1.173393011093139648e+00, 1.897678494453430176e+00, 1.556771278381347656e+00, 7.279760837554931641e-01, 4.906093776226043701e-01, 1.982615590095520020e+00, 1.735336661338806152e+00, 1.562512755393981934e+00, 9.577489644289016724e-02
1, 1.184381961822509766e+00, 1.296091228723526001e-01, -5.613873247057199478e-03, 1.506578445434570312e+00, -2.306299358606338501e-01, 1.446952819824218750e+00, 7.846701145172119141e-01, -4.692499712109565735e-02, 1.024697273969650269e-01, 7.985007166862487793e-01, 1.113162159919738770e+00, 9.231435060501098633e-01, 7.359118461608886719e-01, 1.966266781091690063e-01, 1.087807059288024902e+00, 3.737636506557464600e-01, 1.021130919456481934e+00, 1.311769932508468628e-01
0, 4.375210106372833252e-01, 9.668769836425781250e-01, -2.565115392208099365e-01, 6.599003076553344727e-01, 1.303502440452575684e+00, 2.316051870584487915e-01, 1.038515210151672363e+00, 1.713087439537048340e+00, 1.558937788009643555e+00, -7.271219491958618164e-01, 4.440780878067016602e-01, 1.019163489341735840e+00, 2.036571264266967773e+00, 2.187501668930053711e+00, 5.339452624320983887e-01, 1.633048415184020996e+00, 1.590129852294921875e+00, 1.389179974794387817e-01
0, 4.661792814731597900e-01, -2.958122193813323975e-01, 3.993524878751486540e-04, 5.272765159606933594e-01, -1.120770335197448730e+00, 1.431425064802169800e-01, 8.388293981552124023e-01, 1.553058624267578125e+00, 1.259186387062072754e+00, -4.446569979190826416e-01, 4.588930308818817139e-01, 8.858466744422912598e-01, 1.713022828102111816e+00, 1.900205016136169434e+00, 4.874778687953948975e-01, 1.422735929489135742e+00, 1.005120992660522461e+00, 3.720589876174926758e-01
0, 1.237218499183654785e+00, -1.980935692787170410e+00, 7.485112547874450684e-01, 1.875449419021606445e+00, -8.288360834121704102e-01, -8.320961594581604004e-01, 1.536219865083694458e-01, 1.157443165779113770e+00, 1.536800414323806763e-01, 2.807848453521728516e-01, 1.519762396812438965e+00, 4.863373339176177979e-01, 2.839743196964263916e-01, 4.176043272018432617e-01, 1.518416404724121094e+00, 3.686374425888061523e-01, 4.572540819644927979e-01, 2.546960022300481796e-03
1, 1.873409628868103027e+00, 1.607145071029663086e-01, -4.722904413938522339e-02, 1.393590211868286133e+00, -7.641816735267639160e-01, 1.234850406646728516e+00, 2.101243734359741211e+00, -1.250628829002380371e+00, 3.154225826263427734e+00, -1.520401954650878906e+00, 1.608485579490661621e+00, 2.293962240219116211e+00, 1.265570640563964844e+00, 3.437376976013183594e+00, 1.715636253356933594e+00, 2.817411184310913086e+00, 1.195562481880187988e+00, 2.947970032691955566e-01
1, 9.787621498107910156e-01, -6.730382442474365234e-01, -1.850717365741729736e-01, 1.007436394691467285e+00, -1.742575287818908691e+00, 1.198202610015869141e+00, 9.764566421508789062e-01, -1.634665131568908691e+00, 1.331396102905273438e+00, -6.579309701919555664e-01, 1.000436782836914062e+00, 1.162145256996154785e+00, 1.030827879905700684e+00, 1.431771755218505859e+00, 1.049441218376159668e+00, 1.226349353790283203e+00, 1.494420170783996582e+00, 2.501370012760162354e-01
1, 8.137968182563781738e-01, 3.853736817836761475e-01, 1.432261705398559570e+00, 9.495558142662048340e-01, 5.304306149482727051e-01, -2.587478458881378174e-01, 4.794397354125976562e-01, 7.522509247064590454e-02, 4.022695720195770264e-01, -2.685775514692068100e-03, 7.238045334815979004e-01, 6.852751970291137695e-01, 8.401556611061096191e-01, 7.389892339706420898e-01, 2.255553156137466431e-01, 1.210736393928527832e+00, 2.420590072870254517e-01
0, 7.123898267745971680e-01, -2.628399729728698730e-01, 1.256985187530517578e+00, 4.363326728343963623e-01, -2.051867246627807617e+00, 8.038935065269470215e-01, 1.220180392265319824e+00, -2.862475812435150146e-01, 1.831641197204589844e+00, -7.323326468467712402e-01, 7.808265686035156250e-01, 1.162480115890502930e+00, 1.321132063865661621e+00, 2.049356222152709961e+00, 8.429467082023620605e-01, 1.756740450859069824e+00, 1.131842136383056641e+00, 3.250800073146820068e-01
0, 1.333790302276611328e+00, -4.820879399776458740e-01, 7.163064479827880859e-01, 1.693345427513122559e+00, 7.218260169029235840e-01, -9.748669266700744629e-01, 1.738593131303787231e-01, -1.523823261260986328e+00, 2.205979675054550171e-01, 1.822711080312728882e-01, 1.553414821624755859e+00, 5.350698828697204590e-01, 3.056609332561492920e-01, 2.819095551967620850e-01, 1.554549455642700195e+00, 3.213045895099639893e-01, 4.186966419219970703e-01, 5.847140029072761536e-02
1, 1.747629523277282715e+00, -2.748877704143524170e-01, -7.023897767066955566e-01, 6.520485877990722656e-01, -4.420678615570068359e-01, 1.538947820663452148e+00, 1.107478857040405273e+00, 7.986130714416503906e-01, 7.795347571372985840e-01, -7.660321593284606934e-01, 1.120588064193725586e+00, 1.596725344657897949e+00, 1.264445304870605469e+00, 1.739949226379394531e+00, 1.063415169715881348e+00, 1.304717540740966797e+00, 4.092031717300415039e-01, 6.142560243606567383e-01
0, 4.664682149887084961e-01, -2.343952655792236328e-01, -2.623163759708404541e-01, 5.295137166976928711e-01, 3.777519166469573975e-01, -8.460199236869812012e-01, 1.108554124832153320e+00, 1.036506652832031250e+00, 1.664076328277587891e+00, -7.159227728843688965e-01, 4.355647563934326172e-01, 9.948073029518127441e-01, 2.026762247085571289e+00, 2.096134662628173828e+00, 5.402286648750305176e-01, 1.577828168869018555e+00, 1.310995697975158691e+00, 2.113640010356903076e-01
0, 5.309610962867736816e-01, -1.465296149253845215e+00, 7.924339771270751953e-01, 6.132615804672241211e-01, -1.879534006118774414e+00, 1.727227330207824707e+00, 5.002278089523315430e-01, -1.120199322700500488e+00, 2.718168199062347412e-01, 3.413123637437820435e-02, 4.849511981010437012e-01, 6.255894899368286133e-01, 1.144743561744689941e+00, 9.425803422927856445e-01, 4.567123949527740479e-01, 7.359199523925781250e-01, 7.480916380882263184e-01, 3.883909881114959717e-01
0, 5.944507122039794922e-01, -1.868160843849182129e+00, 1.118474483489990234e+00, 6.861254572868347168e-01, -1.522287964820861816e+00, -1.354148030281066895e+00, 2.075577825307846069e-01, 1.626142859458923340e-01, 3.115681409835815430e-01, 1.607205271720886230e-01, 5.330296754837036133e-01, 4.407772123813629150e-01, 7.338109612464904785e-01, 8.443986177444458008e-01, 4.673407971858978271e-01, 6.964142918586730957e-01, 2.652987539768218994e-01, 6.272940337657928467e-02
0, 1.129465222358703613e+00, -2.442482411861419678e-01, 1.322819352149963379e+00, 6.651782989501953125e-01, 2.671689540147781372e-02, -3.835877776145935059e-01, 1.214969635009765625e+00, -4.620232582092285156e-01, 2.800991237163543701e-01, -9.009117484092712402e-01, 8.055548071861267090e-01, 1.317818284034729004e+00, 1.451705098152160645e+00, 1.711849868297576904e-01, 8.922683596611022949e-01, 2.948058545589447021e-01, 1.531987547874450684e+00, 5.998190045356750488e-01
0, 4.132001101970672607e-01, -9.424331784248352051e-01, -1.568378508090972900e-01, 6.114786267280578613e-01, 3.702601790428161621e-01, -1.440688371658325195e+00, 6.828905344009399414e-01, 1.185127377510070801e+00, 1.024560332298278809e+00, -3.406058847904205322e-01, 5.372840166091918945e-01, 6.816281676292419434e-01, 1.125797390937805176e+00, 1.082951426506042480e+00, 5.822575092315673828e-01, 8.816341161727905273e-01, 1.449055433273315430e+00, 1.334049999713897705e-01
0, 5.064899325370788574e-01, -1.697648882865905762e+00, -1.546661972999572754e+00, 6.008304357528686523e-01, 7.712849974632263184e-02, 1.623293459415435791e-01, 8.258311748504638672e-01, 2.432259023189544678e-01, 1.666120141744613647e-01, -5.131755471229553223e-01, 7.209208011627197266e-01, 7.282349467277526855e-01, 8.963944911956787109e-01, 1.055943965911865234e-01, 7.690895199775695801e-01, 7.095724344253540039e-01, 1.587449669837951660e+00, 2.294789999723434448e-01
0, 6.252031326293945312e-01, -1.713466525077819824e+00, -1.285636574029922485e-01, 6.203717589378356934e-01, -9.707871675491333008e-01, 7.095300555229187012e-01, 1.701115012168884277e+00, -1.155295848846435547e+00, 2.553583383560180664e+00, -9.339651465415954590e-01, 5.653548240661621094e-01, 1.286565423011779785e+00, 2.019428014755249023e+00, 2.583779573440551758e+00, 7.303394675254821777e-01, 2.003901720046997070e+00, 1.279102563858032227e+00, 7.287549972534179688e-02
1, 5.861909985542297363e-01, -1.195618510246276855e-01, -9.368023872375488281e-01, 9.409776926040649414e-01, 3.971230387687683105e-01, 5.776410698890686035e-01, 5.035662651062011719e-01, 1.375401377677917480e+00, 7.488428950309753418e-01, -1.774218678474426270e-01, 6.284041404724121094e-01, 6.605069041252136230e-01, 9.327261447906494141e-01, 8.157488107681274414e-01, 6.521708369255065918e-01, 6.593583226203918457e-01, 1.484631896018981934e+00, 8.337730169296264648e-02
1, 3.745787858963012695e+00, 1.233132109045982361e-01, -3.281280398368835449e-01, 6.724535822868347168e-01, -4.095742702484130859e-01, -1.628051519393920898e+00, 2.917487144470214844e+00, 1.439258337020874023e+00, 2.592230558395385742e+00, -2.590586900711059570e+00, 2.208808898925781250e+00, 3.744646072387695312e+00, 1.504421353340148926e+00, 1.853734731674194336e+00, 2.166666746139526367e+00, 1.759570479393005371e+00, 5.609230399131774902e-01, 8.005570173263549805e-01
1, 1.183754444122314453e+00, 6.246017217636108398e-01, -1.536390781402587891e+00, 5.675100088119506836e-01, 1.012647390365600586e+00, -8.258023262023925781e-01, 7.209103107452392578e-01, -3.139958381652832031e-01, 8.576886653900146484e-01, 4.609805345535278320e-02, 8.119615912437438965e-01, 9.585422277450561523e-01, 1.047588348388671875e+00, 1.019872188568115234e+00, 6.265490651130676270e-01, 8.890698552131652832e-01, 5.651282072067260742e-01, 6.519410014152526855e-01
1, 3.600682616233825684e-01, -2.275569438934326172e-01, 9.915825128555297852e-01, 4.667387008666992188e-01, 1.946570038795471191e+00, -9.593310952186584473e-01, 1.014296412467956543e+00, 1.451290249824523926e+00, 1.114919543266296387e+00, 1.335247516632080078e+00, 6.621911525726318359e-01, 5.604143142700195312e-01, 7.510030865669250488e-01, 6.999450325965881348e-01, 7.468842864036560059e-01, 1.587753534317016602e+00, 9.414789825677871704e-02
0, 2.181710720062255859e+00, -1.137794137001037598e+00, -8.453511595726013184e-01, 3.478082418441772461e+00, -7.875869870185852051e-01, 5.921776294708251953e-01, 3.568618595600128174e-01, 1.611429572105407715e+00, 3.990535438060760498e-02, -4.062097519636154175e-02, 2.265930652618408203e+00, 1.102382302284240723e+00, 4.317196011543273926e-01, 1.576310038566589355e+00, 2.231071949005126953e+00, 1.330410838127136230e+00, 3.785746917128562927e-02, 1.394759956747293472e-02
1, 4.839463233947753906e-01, -4.832189381122589111e-01, -1.359540462493896484e+00, 4.574748575687408447e-01, -3.561681807041168213e-01, 1.177405357360839844e+00, 1.824712157249450684e+00, 3.147225677967071533e-01, 2.666735410690307617e+00, -1.360176205635070801e+00, 3.962566852569580078e-01, 1.195465564727783203e+00, 2.677179574966430664e+00, 2.005751848220825195e+00, 6.295036673545837402e-01, 1.551781058311462402e+00, 1.459036350250244141e+00, 7.367780208587646484e-01
0, 1.317138433456420898e+00, -1.108437895774841309e+00, -1.618454575538635254e+00, 1.886881947517395020e+00, -3.115301206707954407e-02, 5.276894941926002502e-02, 6.896610260009765625e-01, 1.193400621414184570e+00, 9.657609462738037109e-01, 1.808538883924484253e-01, 1.543804645538330078e+00, 1.041728615760803223e+00, 5.987958312034606934e-01, 7.368295192718505859e-01, 1.560214638710021973e+00, 7.349143028259277344e-01, 1.286793351173400879e+00, 1.568990014493465424e-02
0, 6.533368825912475586e-01, -8.808362483978271484e-01, -1.507085084915161133e+00, 7.620258927345275879e-01, 2.622147500514984131e-01, -4.663418531417846680e-01, 5.826616287231445312e-01, 1.113742232322692871e+00, 8.744245171546936035e-01, -4.950356110930442810e-02, 7.144539952278137207e-01, 7.500625848770141602e-01, 9.316187500953674316e-01, 1.395978212356567383e+00, 6.985914111137390137e-01, 1.039434075355529785e+00, 7.767624258995056152e-01, 2.253610081970691681e-02
0, 5.896524786949157715e-01, 1.346591234207153320e+00, -1.999973952770233154e-01, 4.857936501502990723e-01, -7.570795416831970215e-01, -1.532376855611801147e-01, 8.677960634231567383e-01, 1.519672989845275879e+00, 1.302668929100036621e+00, -5.536873936653137207e-01, 8.374423980712890625e-01, 9.816618561744689941e-01, 1.040217876434326172e+00, 2.033255815505981445e+00, 8.536619544029235840e-01, 1.583030104637145996e+00, 1.294646382331848145e+00, 1.290049999952316284e-01
1, 6.222661733627319336e-01, 4.835931658744812012e-01, -1.048403859138488770e+00, 8.292132019996643066e-01, -4.332366287708282471e-01, 1.451634526252746582e+00, 9.203259944915771484e-01, 3.571596145629882812e-01, 1.381521105766296387e+00, -6.004948616027832031e-01, 6.728895902633666992e-01, 1.032045722007751465e+00, 1.361040472984313965e+00, 1.962021708488464355e+00, 7.213621735572814941e-01, 1.482152223587036133e+00, 1.416741847991943359e+00, 1.627289950847625732e-01
0, 5.339744091033935547e-01, -4.581823199987411499e-02, 4.406598210334777832e-01, 8.078331947326660156e-01, -5.559945106506347656e-01, -1.355196952819824219e+00, 2.404569983482360840e-01, 8.195418715476989746e-01, 2.254622578620910645e-01, 5.572923421859741211e-01, 5.561448931694030762e-01, 3.774933218955993652e-01, 6.023328900337219238e-01, 5.588784813880920410e-01, 1.121804863214492798e-01, 1.566358208656311035e+00, 6.487529724836349487e-02
1, 2.751947402954101562e+00, 8.168529272079467773e-01, 1.625474095344543457e+00, 1.535173535346984863e+00, 7.333651781082153320e-01, 9.610988199710845947e-02, 2.479583501815795898e+00, -6.484079360961914062e-01, 3.640364408493041992e+00, -1.389448761940002441e+00, 1.917957663536071777e+00, 2.797760248184204102e+00, 1.294457912445068359e+00, 2.737654447555541992e+00, 1.987545251846313477e+00, 2.435370922088623047e+00, 1.025908470153808594e+00, 4.645619988441467285e-01
1, 7.143032550811767578e-01, 2.301276773214340210e-01, -6.365168094635009766e-01, 1.162944555282592773e+00, -6.964569091796875000e-01, 1.572967648506164551e+00, 5.950874686241149902e-01, 3.136916160583496094e-01, 3.699910342693328857e-01, -2.496317625045776367e-01, 8.534061908721923828e-01, 8.593308925628662109e-01, 8.935565352439880371e-01, 1.437796711921691895e+00, 8.624687790870666504e-01, 1.072276115417480469e+00, 9.840700626373291016e-01, 4.085909947752952576e-02
0, 1.819813013076782227e+00, 1.117795586585998535e+00, -4.757351279258728027e-01, 2.244847536087036133e+00, 1.134406805038452148e+00, 1.407196640968322754e+00, 1.978547275066375732e-01, 5.505365729331970215e-01, 2.969957888126373291e-01, 1.656138151884078979e-01, 1.650110006332397461e+00, 6.751870512962341309e-01, 3.631010651588439941e-01, 7.068245410919189453e-01, 1.635893344879150391e+00, 5.533032417297363281e-01, 2.397214770317077637e-01, 8.372010290622711182e-02
0, 7.354478240013122559e-01, -1.457593441009521484e+00, -4.085103571414947510e-01, 4.448893964290618896e-01, 2.989936247467994690e-02, 1.574601769447326660e+00, 3.450197875499725342e-01, 3.080967962741851807e-01, 4.970189332962036133e-01, 3.364954292774200439e-01, 6.986300945281982422e-01, 4.603542983531951904e-01, 5.847361683845520020e-01, 5.939335823059082031e-01, 6.680833101272583008e-01, 4.988195300102233887e-01, 6.590240597724914551e-01, 9.762340039014816284e-02
0, 5.335530638694763184e-01, 4.775402843952178955e-01, 1.863301098346710205e-01, 5.311359167098999023e-01, 1.214505910873413086e+00, -1.242460012435913086e+00, 6.419062018394470215e-01, -1.195503115653991699e+00, 6.981135159730911255e-02, 7.356960326433181763e-02, 4.875652194023132324e-01, 6.268395185470581055e-01, 1.140877723693847656e+00, 5.133268833160400391e-01, 3.203545510768890381e-01, 1.180287122726440430e+00, 4.051170051097869873e-01
1, 1.000693440437316895e+00, 4.408915936946868896e-01, 1.254649281501770020e+00, 1.260642766952514648e+00, -6.773378849029541016e-01, 1.501731276512145996e+00, 3.482465267181396484e+00, 1.170976161956787109e+00, 8.465360999107360840e-01, 3.599034070968627930e+00, 1.126968145370483398e+00, 5.720195770263671875e-01, 4.504165053367614746e-01, 6.851599812507629395e-01, 7.737753987312316895e-01, 1.106593251228332520e+00, 1.249823808670043945e+00, 1.565559953451156616e-01
1, 8.545339703559875488e-01, 9.895899891853332520e-01, -1.070845603942871094e+00, 6.109771728515625000e-01, 1.058731317520141602e+00, 1.223532557487487793e+00, 3.426424860954284668e-01, -2.667631804943084717e-01, 5.101945996284484863e-01, 2.120220065116882324e-01, 6.376873254776000977e-01, 5.587291121482849121e-01, 7.775165438652038574e-01, 9.756395816802978516e-01, 5.648310184478759766e-01, 7.396689057350158691e-01, 4.897490441799163818e-01, 1.630380004644393921e-01
1, 6.255188584327697754e-01, -5.266790390014648438e-01, 4.834300279617309570e-01, 4.854593276977539062e-01, 2.140687108039855957e-01, -1.239754796028137207e+00, 2.529843151569366455e-01, 1.101853847503662109e+00, 3.399340808391571045e-01, 4.257875978946685791e-01, 5.194781422615051270e-01, 3.509192168712615967e-01, 5.994533896446228027e-01, 1.071652472019195557e-01, 4.981663823127746582e-01, 2.356875836849212646e-01, 7.006192803382873535e-01, 1.045039966702461243e-01
0, 9.646577239036560059e-01, 5.027584433555603027e-01, -9.734194278717041016e-01, 1.608558177947998047e+00, 1.558356881141662598e+00, 1.235383227467536926e-01, 3.741985559463500977e-01, 7.492494583129882812e-01, 4.252902865409851074e-01, 1.194169819355010986e-01, 1.221811771392822266e+00, 7.649297714233398438e-01, 5.555617809295654297e-01, 1.205077290534973145e+00, 1.147686839103698730e+00, 1.111252188682556152e+00, 3.491114377975463867e-01, 6.474500149488449097e-02
1, 1.106695055961608887e+00, -9.685603976249694824e-01, -1.462030410766601562e+00, 1.501274585723876953e+00, -9.792311787605285645e-01, 7.241936326026916504e-01, 7.919411063194274902e-01, 2.269293963909149170e-01, 9.403269290924072266e-01, -2.242866307497024536e-01, 1.045710802078247070e+00, 1.131764173507690430e+00, 9.604191780090332031e-01, 1.413954257965087891e+00, 1.041513442993164062e+00, 1.078852891921997070e+00, 8.484116792678833008e-01, 2.529940009117126465e-01
0, 4.506655335426330566e-01, 9.609569311141967773e-01, -2.667296230792999268e-01, 6.768701672554016113e-01, 5.846967697143554688e-01, 8.424901962280273438e-01, 5.078967660665512085e-02, -1.258747577667236328e+00, 7.624156773090362549e-02, 2.697349488735198975e-01, 4.566346406936645508e-01, 2.023231834173202515e-01, 3.931804895401000977e-01, 3.701737523078918457e-01, 4.108165800571441650e-01, 4.321655035018920898e-01, 5.291971564292907715e-02, 2.030250057578086853e-02
1, 8.030112981796264648e-01, -1.484048485755920410e+00, 1.662411332130432129e+00, 6.928693056106567383e-01, -1.565431118011474609e+00, 3.788175284862518311e-01, 7.642161250114440918e-01, -1.256810307502746582e+00, 9.548325538635253906e-01, 3.663981556892395020e-01, 6.367436051368713379e-01, 7.541596293449401855e-01, 1.051029682159423828e+00, 1.149464845657348633e+00, 6.146773695945739746e-01, 8.628447055816650391e-01, 9.550395011901855469e-01, 7.856109738349914551e-02
1, 3.491350650787353516e+00, 1.831922493875026703e-02, 1.107851788401603699e-01, 1.839431047439575195e+00, 8.949081301689147949e-01, 1.231184482574462891e+00, 8.032461404800415039e-01, 9.469357728958129883e-01, 6.055721044540405273e-01, 6.179674267768859863e-01, 2.654689073562622070e+00, 1.315371155738830566e+00, 4.396933019161224365e-01, 2.206717014312744141e+00, 1.415547251701354980e+00, 2.819277644157409668e-01, 2.725909948348999023e-01
0, 3.857423961162567139e-01, -1.482761979103088379e+00, 2.638000249862670898e-01, 4.307675063610076904e-01, 7.611078619956970215e-01, 4.619707763195037842e-01, 7.144408822059631348e-01, -1.258548855781555176e+00, 1.072463870048522949e+00, -3.828019797801971436e-01, 6.759664416313171387e-01, 7.540498375892639160e-01, 9.898952841758728027e-01, 1.628413319587707520e+00, 6.991161108016967773e-01, 1.233546972274780273e+00, 1.202270388603210449e+00, 5.709080025553703308e-02
0, 8.028305172920227051e-01, 2.962369024753570557e-01, 9.264013916254043579e-02, 4.450222551822662354e-01, 2.529229819774627686e-01, -6.513690948486328125e-01, 5.765570402145385742e-01, -1.664761185646057129e+00, 8.654832243919372559e-01, -2.468557208776473999e-01, 5.584079027175903320e-01, 8.418090939521789551e-01, 1.337760567665100098e+00, 1.350306630134582520e+00, 5.002686381340026855e-01, 1.013393640518188477e+00, 3.083313703536987305e-01, 6.485319733619689941e-01
1, 1.330938577651977539e+00, -1.833464741706848145e+00, -1.357535958290100098e+00, 8.978490829467773438e-01, 5.947777628898620605e-01, -1.665107846260070801e+00, 1.622156381607055664e+00, -1.460838198661804199e+00, 4.854743778705596924e-01, 1.944829940795898438e+00, 2.026993751525878906e+00, 2.490790635347366333e-01, 1.090439409017562866e-01, 1.800195217132568359e+00, 6.880553066730499268e-02, 8.273810148239135742e-01, 1.310530002228915691e-03
1, 1.488532900810241699e+00, 4.125158488750457764e-01, -1.663652896881103516e+00, 1.830565810203552246e+00, 8.849976658821105957e-01, 1.305802464485168457e-01, 2.829178810119628906e+00, -3.010815083980560303e-01, 3.028442382812500000e+00, -2.292854309082031250e+00, 1.403846859931945801e+00, 2.304510116577148438e+00, 1.456718087196350098e+00, 1.260510206222534180e+00, 1.631715536117553711e+00, 1.855742573738098145e+00, 1.531790018081665039e+00, 4.204599857330322266e-01
0, 1.905096530914306641e+00, -1.319649934768676758e+00, 1.345824360847473145e+00, 2.531764507293701172e+00, -9.934418797492980957e-01, -5.186325907707214355e-01, 8.660640567541122437e-02, 8.989905714988708496e-01, 5.076974257826805115e-02, 3.233572244644165039e-01, 1.812404990196228027e+00, 4.294919073581695557e-01, 2.102886587381362915e-01, 3.720883429050445557e-01, 1.800866961479187012e+00, 4.043317735195159912e-01, 1.719257533550262451e-01, 4.697439819574356079e-02
0, 7.616337537765502930e-01, -4.052360057830810547e-01, -1.262962967157363892e-01, 1.187155365943908691e+00, -8.869125694036483765e-02, 1.498065471649169922e+00, 4.860870838165283203e-01, -1.581228256225585938e+00, 4.661061763763427734e-01, -8.344142138957977295e-02, 7.807666659355163574e-01, 7.006657123565673828e-01, 7.963525056838989258e-01, 4.953988492488861084e-01, 7.989994287490844727e-01, 4.006540179252624512e-01, 1.414213657379150391e+00, 1.629890054464340210e-01
1, 1.279493570327758789e+00, -6.542783379554748535e-01, -1.570103168487548828e+00, 1.558006525039672852e+00, 1.567964702844619751e-01, -4.044684171676635742e-01, 2.200805664062500000e+00, 4.086818099021911621e-01, 3.283860683441162109e+00, -1.761502504348754883e+00, 1.287778139114379883e+00, 2.133576631546020508e+00, 1.470224976539611816e+00, 3.432800054550170898e+00, 1.461237072944641113e+00, 2.711038112640380859e+00, 1.393461704254150391e+00, 3.226659893989562988e-01
0, 5.062481164932250977e-01, -1.229621767997741699e+00, 8.186473250389099121e-01, 5.724215507507324219e-01, -1.006276965141296387e+00, 1.039923548698425293e+00, 8.172306418418884277e-01, -1.220935583114624023e+00, 1.226763963699340820e+00, -2.978003323078155518e-01, 4.457996487617492676e-01, 8.712819218635559082e-01, 1.734342694282531738e+00, 1.839686512947082520e+00, 4.390653073787689209e-01, 1.369135499000549316e+00, 8.632512688636779785e-01, 7.515469789505004883e-01
1, 7.803403735160827637e-01, 8.612329959869384766e-01, 1.312084436416625977e+00, 4.686673283576965332e-01, 1.084763765335083008e+00, -1.622146815061569214e-01, 6.940838694572448730e-02, 1.179652333259582520e+00, 2.587250061333179474e-02, 3.861359953880310059e-01, 5.584552288055419922e-01, 1.499666869640350342e-01, 2.382996976375579834e-01, 4.953455328941345215e-01, 1.606324911117553711e-01, 2.738549141213297844e-03, 2.163839936256408691e-01
0, 6.156079769134521484e-01, -5.148339271545410156e-01, -3.320851922035217285e-01, 4.529446661472320557e-01, -1.736602544784545898e+00, 1.003761529922485352e+00, 8.460400104522705078e-01, 1.678173184394836426e+00, 1.188534379005432129e+00, -5.308628082275390625e-01, 5.798321366310119629e-01, 8.451862931251525879e-01, 1.293500423431396484e+00, 1.018627762794494629e+00, 6.414321660995483398e-01, 9.632151126861572266e-01, 1.539577126502990723e+00, 3.702569901943206787e-01
0, 9.391554594039916992e-01, 4.220710992813110352e-01, 6.584901809692382812e-01, 1.332623839378356934e+00, -1.502434134483337402e+00, -9.317541718482971191e-01, 5.834974050521850586e-01, -1.310142278671264648e+00, 5.629162788391113281e-01, -2.171053886413574219e-01, 1.586581230163574219e+00, 8.542332649230957031e-01, 4.777826070785522461e-01, 6.587388515472412109e-01, 1.603727459907531738e+00, 7.071473002433776855e-01, 1.393259048461914062e+00, 6.540980190038681030e-02
0, 5.141246318817138672e-01, 1.762397527694702148e+00, 1.490851044654846191e+00, 7.639438509941101074e-01, 1.778463125228881836e+00, -5.727927386760711670e-02, 6.993287205696105957e-01, -2.019143700599670410e-01, 2.839998006820678711e-01, 7.337944116443395615e-03, 5.066218972206115723e-01, 6.799334883689880371e-01, 1.190963745117187500e+00, 3.137895762920379639e-01, 5.457133054733276367e-01, 2.357409894466400146e-01, 1.380187630653381348e+00, 3.810099959373474121e-01
0, 6.977061629295349121e-01, -5.778704285621643066e-01, -1.687673926353454590e+00, 8.562912344932556152e-01, 1.666696548461914062e+00, 2.660027518868446350e-02, 3.095049560070037842e-01, 1.738966941833496094e+00, 4.103841632604598999e-02, 6.218604445457458496e-01, 1.292027115821838379e+00, 4.469634890556335449e-01, 3.069850504398345947e-01, 5.537394434213638306e-02, 1.293643116950988770e+00, 1.250576376914978027e-01, 1.444531202316284180e+00, 1.535160001367330551e-02
1, 2.649464845657348633e+00, 7.084104418754577637e-01, 5.948923230171203613e-01, 3.067282676696777344e+00, 1.429191350936889648e+00, -7.823969125747680664e-01, 4.710718095302581787e-01, 1.233055949211120605e+00, 6.438771486282348633e-01, 1.689248681068420410e-01, 2.567770957946777344e+00, 1.218409061431884766e+00, 4.210686683654785156e-01, 1.753907680511474609e+00, 2.479742527008056641e+00, 1.559615015983581543e+00, 3.084767758846282959e-01, 4.783289879560470581e-02
0, 6.441211104393005371e-01, 5.855656266212463379e-01, 9.645353555679321289e-01, 6.569837331771850586e-01, 6.952875107526779175e-02, -4.283899962902069092e-01, 3.813270330429077148e-01, -1.616313695907592773e+00, 5.724189281463623047e-01, 9.017418324947357178e-02, 5.652509927749633789e-01, 5.534715056419372559e-01, 8.689001202583312988e-01, 8.279751539230346680e-01, 5.617227554321289062e-01, 6.242491602897644043e-01, 8.390590548515319824e-01, 8.299960196018218994e-02
0, 1.288201451301574707e+00, -1.817025065422058105e+00, 1.199258863925933838e-01, 1.459879517555236816e+00, -1.891874790191650391e+00, 1.219999194145202637e+00, 1.099955916404724121e+00, -1.598978042602539062e+00, 1.516701340675354004e+00, -5.372958183288574219e-01, 1.130151629447937012e+00, 1.469501376152038574e+00, 1.153849959373474121e+00, 2.147274732589721680e+00, 1.114006876945495605e+00, 1.621879339218139648e+00, 7.986189723014831543e-01, 3.596029877662658691e-01
1, 3.569708585739135742e+00, -2.797894179821014404e-01, -9.091462194919586182e-02, 1.339714765548706055e+00, 1.097186923027038574e+00, 1.296673655509948730e+00, 2.034645080566406250e+00, 1.739336729049682617e+00, 2.171594142913818359e+00, -1.728048205375671387e+00, 2.812781810760498047e+00, 3.072625875473022461e+00, 9.693701863288879395e-01, 2.152087926864624023e+00, 2.725816011428833008e+00, 2.968082427978515625e+00, 6.815949454903602600e-03, 4.044489860534667969e-01
1, 2.464473962783813477e+00, -7.238227128982543945e-01, 9.045764803886413574e-01, 2.392517089843750000e+00, 8.643364310264587402e-01, -1.440039724111557007e-01, 2.343592405319213867e+00, 5.397807955741882324e-01, 2.191123247146606445e+00, 2.663480281829833984e+00, 2.970501661300659180e+00, 1.481215119361877441e+00, 4.424897432327270508e-01, 2.699278354644775391e+00, 2.325059622526168823e-01, 1.162706732749938965e+00, 6.152229849249124527e-03
0, 1.324369549751281738e+00, -7.043419033288955688e-02, 1.490530848503112793e+00, 1.549464821815490723e+00, 3.449188768863677979e-01, -3.070569038391113281e-01, 9.056585431098937988e-01, -3.541926741600036621e-01, 1.322514712810516357e-01, -4.981600344181060791e-01, 1.210290193557739258e+00, 1.226527333259582520e+00, 8.992956876754760742e-01, 1.248913764953613281e+00, 2.949237525463104248e-01, 1.374660253524780273e+00, 2.845439910888671875e-01
